username,name,sex,address,mail,birthdate,dt
ysullivan,Jason Green,M,"9382 Taylor Court Suite 892
Coreyland, TX 43780",wcastro@yahoo.com,1949-05-14,20220430
davismary,Mrs. Sharon Green,F,"753 Padilla Circles
New Jeffrey, FL 71671",udavis@hotmail.com,1972-12-03,20220430
lisa83,Doris Martinez,F,"USNV Wallace
FPO AP 50950",barbara42@gmail.com,2018-02-18,20220430
daviskatherine,Vicki Green,F,"86848 Melissa Springs
Rileymouth, TN 84543",christopher91@yahoo.com,1986-03-26,20220430
thorntonnathan,David Dennis,M,"12309 Anthony Roads Apt. 991
Davisville, PA 03336",susanlopez@gmail.com,1971-07-22,20220430
qoliver,Amy Shelton,F,"456 Bruce Mountain
New Craigfurt, KS 47497",kmassey@gmail.com,2001-04-15,20220430
alyssa19,Mrs. Megan Bruce,F,"PSC 2076, Box 9845
APO AA 86696",eric07@hotmail.com,1917-02-03,20220430
sbell,Joshua Taylor,M,"466 Aaron Fields
Ernestbury, NV 50131",sjohnson@hotmail.com,1963-04-03,20220430
frose,Amy Miles,F,"PSC 9007, Box 5470
APO AA 25142",monroedavid@gmail.com,1961-01-07,20220430
bairdemma,Daniel Love,M,"93442 Thomas Locks
North Joshuamouth, WY 15676",dennis85@gmail.com,1927-05-09,20220430
angela59,Andrew Harris,M,"PSC 0977, Box 6582
APO AE 49728",alan24@yahoo.com,1952-04-07,20220430
nelsonedward,George Oliver,M,"8241 Cross Causeway Suite 281
Richardmouth, MT 14742",hoffmantimothy@yahoo.com,2020-10-08,20220430
turnerjessica,Brian Jimenez,M,"PSC 2961, Box 1133
APO AE 50939",garciaangela@yahoo.com,1967-05-19,20220430
richardsonvanessa,Miguel Robinson,M,"3511 Rebecca Mission
North Tyler, IL 84517",shealaura@hotmail.com,1926-04-02,20220430
danielcarlson,Jamie Payne,F,"687 Bass Parks Apt. 893
West Janicemouth, MD 05149",nancymorrison@gmail.com,2020-12-21,20220430
marshzachary,Nathan Roman,M,"PSC 1320, Box 4075
APO AE 20007",gschmitt@yahoo.com,1978-06-09,20220430
burgessrebecca,Meghan Trujillo,F,"6993 Diane Alley Apt. 489
Marvinfort, KS 40190",ycruz@gmail.com,1928-08-16,20220430
olsondonald,Monica Cook,F,"256 Cheryl Lights
Williamsfort, FL 03152",georgedavid@yahoo.com,1920-08-30,20220430
ibarrachelsea,Richard Waters,M,"194 Susan Loaf Suite 183
Port Philipstad, ID 60200",kristine10@gmail.com,1972-07-01,20220430
jerryfrank,Tony Estrada,M,"412 Snow Manors Apt. 161
South Kimtown, NV 57004",ujohnson@hotmail.com,1940-09-16,20220430
michael03,Barbara Holt,F,"230 Donna Street
Lake Adrianstad, AK 79779",michelelopez@gmail.com,1971-03-18,20220430
michaelkennedy,David Johnson,M,"91189 Moore Drive Apt. 358
East Kari, MN 55523",callahancarolyn@yahoo.com,1916-12-08,20220430
brittanyevans,Elizabeth Butler,F,"5806 Smith Stream
Scottstad, NJ 12435",laurahill@hotmail.com,1988-09-29,20220430
preynolds,Jill Ross,F,"USNV Giles
FPO AE 47079",fwelch@yahoo.com,2009-02-02,20220430
tsmith,Sandra Cole,F,"926 Davis Parks Apt. 864
North Josephton, KS 52723",vwallace@yahoo.com,1954-06-27,20220430
johnsonlaura,Michael Gonzalez,M,"83216 Campbell Dale Apt. 816
Figueroaview, NV 49234",ericterry@yahoo.com,1960-12-08,20220430
nnewton,Michael Gomez,M,"0742 Williams Road Apt. 057
Onealtown, NC 09211",parksjudy@hotmail.com,1960-02-09,20220430
morgan43,Audrey Smith,F,"16756 Mark Rue Suite 272
Davidburgh, MI 51471",yroman@hotmail.com,1936-04-18,20220430
ojohnson,Christina Mckinney,F,"0239 Salazar Squares
Kelseystad, NH 07571",fcarpenter@yahoo.com,2002-02-28,20220430
michaelroberts,Derek Williams,M,"3968 Shawn Junction
New Nicolemouth, ND 60236",jonathan80@gmail.com,1956-07-06,20220430
